Wall time,Step,Value
1686626519.3488145,20,84.83333587646484
1686626620.0424004,40,85.55555725097656
1686626721.367677,60,85.69999694824219
1686626821.9592223,80,85.62222290039062
1686626922.8506565,100,85.44444274902344
1686627023.430484,120,85.31111145019531
1686627124.3262308,140,85.43333435058594
1686627225.184632,160,85.4111099243164
1686627326.4729729,180,85.37777709960938
1686627427.1615958,200,85.38888549804688
1686627528.0016258,220,85.36666870117188
1686627628.7051077,240,85.4000015258789
1686627729.8086197,260,85.37777709960938
1686627830.6437242,280,85.33333587646484
1686627931.4957683,300,85.38888549804688
1686628032.536393,320,85.34444427490234
1686628133.7524107,340,85.45555877685547
1686628235.2301521,360,85.52222442626953
1686628336.2159293,380,85.4111099243164
1686628437.0927684,400,85.43333435058594
1686628537.8826058,420,85.52222442626953
1686628638.9898427,440,85.44444274902344
1686628740.2875628,460,81.32221984863281
1686628841.6784317,480,80.95555877685547
1686628943.30801,500,80.28888702392578
1686629045.1891487,520,80.07777404785156
1686629146.9120214,540,80.83333587646484
1686629248.7544596,560,80.76667022705078
1686629350.4120853,580,81.25555419921875
1686629452.0153213,600,81.62222290039062
1686629553.4405277,620,81.92222595214844
1686629654.8096616,640,81.5999984741211
1686629756.777203,660,80.68888854980469
1686629858.4472694,680,80.22222137451172
1686629959.9713032,700,80.11111450195312
1686630061.7402184,720,80.18888854980469
1686630163.4706697,740,80.14444732666016
1686630265.0415478,760,80.12222290039062
1686630366.7367043,780,80.0999984741211
1686630468.3523865,800,80.21111297607422
1686630569.7946625,820,80.21111297607422
1686630671.4580243,840,80.17778015136719
1686630772.6914334,860,80.14444732666016
1686630874.2301707,880,80.11111450195312
1686630975.749394,900,80.16666412353516
1686631077.1891117,920,80.11111450195312
1686631178.9350917,940,80.14444732666016
1686631280.2693224,960,80.15555572509766
1686631381.861279,980,80.12222290039062
1686631483.0962589,1000,80.13333129882812
1686631584.7916331,1020,80.16666412353516
1686631686.4766462,1040,80.06666564941406
1686631788.1627364,1060,80.14444732666016
1686631889.8786263,1080,80.14444732666016
1686631991.4178753,1100,80.13333129882812
1686632093.1626549,1120,80.13333129882812
1686632195.180943,1140,80.13333129882812
1686632296.7167406,1160,80.14444732666016
