Wall time,Step,Value
1686621844.6063192,20,61.511112213134766
1686621941.7321281,40,61.56666564941406
1686622038.824178,60,61.25555419921875
1686622135.9200974,80,61.70000076293945
1686622233.1801322,100,61.511112213134766
1686622330.4136064,120,61.31111145019531
1686622427.4122622,140,61.18888854980469
1686622524.7777307,160,60.38888931274414
1686622622.509835,180,58.06666564941406
1686622720.1699252,200,59.43333435058594
1686622817.6148598,220,58.266666412353516
1686622914.753754,240,58.099998474121094
1686623012.3075528,260,58.07777786254883
1686623109.831019,280,57.82222366333008
1686623207.0927124,300,57.81111145019531
1686623303.9765005,320,57.82222366333008
1686623401.176918,340,57.81111145019531
1686623498.322977,360,57.86666488647461
1686623595.7856612,380,57.911109924316406
1686623693.0136507,400,57.93333435058594
1686623790.399149,420,57.93333435058594
1686623887.4274669,440,57.85555648803711
1686623984.5742106,460,57.79999923706055
1686624081.6950448,480,57.77777862548828
1686624178.7826903,500,57.71111297607422
1686624276.0228262,520,57.67777633666992
1686624373.3242595,540,57.877777099609375
1686624470.4295487,560,57.92222213745117
1686624567.823694,580,57.93333435058594
1686624669.834298,600,57.68888854980469
1686624767.4574852,620,57.82222366333008
1686624863.9304216,640,57.86666488647461
1686624960.1636465,660,57.75555419921875
1686625056.4688866,680,57.70000076293945
1686625153.0183702,700,57.71111297607422
1686625249.5896313,720,57.766666412353516
1686625346.271722,740,57.57777786254883
1686625443.0426228,760,57.74444580078125
1686625539.8341458,780,57.82222366333008
1686625636.7378418,800,57.977779388427734
1686625733.3777325,820,58.155555725097656
1686625829.902735,840,58.17777633666992
1686625926.4655287,860,58.266666412353516
1686626022.8801777,880,58.155555725097656
1686626119.6212072,900,58.22222137451172
1686626216.400325,920,58.18888854980469
1686626313.0264816,940,58.16666793823242
